<?xml version="1.0" encoding="UTF-8"?>
<!DOCTYPE hibernate-configuration PUBLIC
		"-//Hibernate/Hibernate Configuration DTD 3.0//EN"
		"http://www.hibernate.org/dtd/hibernate-configuration-3.0.dtd">
<hibernate-configuration>
    <session-factory>
        <property name="hibernate.connection.driver_class">com.microsoft.sqlserver.jdbc.SQLServerDriver</property>
        <property name="hibernate.connection.password">123</property>
        <property name="hibernate.connection.url">jdbc:sqlserver://DEL-00065-MR03\SQLEXPRESS:1433;databaseName=niit</property>
        <property name="hibernate.connection.username">sa</property>
        <property name="hibernate.dialect">org.hibernate.dialect.SQLServerDialect</property>
        <property name="hibernate.show_sql">true</property>
        <property name="hibernate.format_sql">true</property>
        <property name="hibernate.hbm2ddl.auto">create</property>
        <property name="hibernate.current_session_context_class">thread</property>
        
        <mapping resource="com/model/Student.hbm.xml"/>
        <mapping resource="com/model/Library.hbm.xml"/>
        <mapping class="com.model.Teacher"/>
    </session-factory>
</hibernate-configuration>
