<?xml version="1.0"?>
<!DOCTYPE hibernate-mapping PUBLIC "-//Hibernate/Hibernate Mapping DTD 3.0//EN"
"http://hibernate.sourceforge.net/hibernate-mapping-3.0.dtd">
<!-- Generated Jan 16, 2020 10:32:34 AM by Hibernate Tools 3.5.0.Final -->
<hibernate-mapping>
    <class name="com.model.Library" table="LIBRARY">
        <id name="bookId" type="int">
            <column name="BOOKID" />
            <generator class="assigned" />
        </id>
        <property name="issueDate" type="java.lang.String">
            <column name="ISSUEDATE" />
        </property>
        <property name="returnDate" type="java.lang.String">
            <column name="RETURNDATE" />
        </property>
    </class>
</hibernate-mapping>
