<?xml version="1.0"?>
<!DOCTYPE hibernate-mapping PUBLIC "-//Hibernate/Hibernate Mapping DTD 3.0//EN"
"http://hibernate.sourceforge.net/hibernate-mapping-3.0.dtd">
<!-- Generated Jan 16, 2020 10:32:34 AM by Hibernate Tools 3.5.0.Final -->
<hibernate-mapping>
    <class name="com.model.Student" table="STUDENT">
        <id name="stdId" type="int">
            <column name="STDID" />
            <generator class="assigned" />
        </id>
        <property name="name" type="java.lang.String">
            <column name="NAME" />
        </property>
        <component name="course" class="com.model.Course">
        	<property name="courseId" type="int"/>
        	<property name="name" type="string">
        		<column name="CourseName" length="40"></column>
        	</property>
        	<property name="duration" type="string"/>
        	<property name="fee" type="float"/>
        </component>
        <list name="books" inverse="false" table="LIBRARY" lazy="true">
            <key>
                <column name="STDID" />
            </key>
            <list-index></list-index>
            <one-to-many class="com.model.Library" />
        </list>
    </class>
</hibernate-mapping>
